"StateName","state_id","DistrictName","DISTRICT_ID","TotalUAM","General","SC","ST","OBC","_CreatedDate"
"ANDHRA PRADESH","28","ANANTHAPUR","520","4666","1826","786","273","1781","2019-08-06T08:25:25.900"
"ANDHRA PRADESH","28","CHITOOR","511","9948","3457","2507","771","3213","2019-08-06T08:25:25.900"
"ANDHRA PRADESH","28","EAST GODAVARI","512","7928","3463","1641","96","2728","2019-08-06T08:25:25.900"
"ANDHRA PRADESH","28","GUNTUR","509","7900","4972","1324","404","1200","2019-08-06T08:25:25.900"
"ANDHRA PRADESH","28","KRISHNA","517","7603","5110","977","172","1344","2019-08-06T08:25:25.900"
"ANDHRA PRADESH","28","KURNOOL","506","6924","3294","1566","194","1870","2019-08-06T08:25:25.900"
"ANDHRA PRADESH","28","PRAKASAM","510","24125","6095","8648","859","8523","2019-08-06T08:25:25.900"
"ANDHRA PRADESH","28","SPSR NELLORE","518","45332","6400","14486","4364","20082","2019-08-06T08:25:25.900"
"ANDHRA PRADESH","28","SRIKAKULAM","522","2105","488","225","68","1324","2019-08-06T08:25:25.900"
"ANDHRA PRADESH","28","VISAKHAPATNAM","519","9246","4957","901","207","3181","2019-08-06T08:25:25.900"
"ANDHRA PRADESH","28","VIZIANAGARAM","513","11478","3029","1483","1705","5261","2019-08-06T08:25:25.900"
"ANDHRA PRADESH","28","WEST GODAVARI","505","14826","6662","2276","140","5748","2019-08-06T08:25:25.900"
"ANDHRA PRADESH","28","Y.S.R","503","30780","8216","5621","1159","15784","2019-08-06T08:25:25.900"
"ARUNACHAL PRADESH","12","ANJAW","628","6","1","0","0","5","2019-08-06T08:25:38.517"
"ARUNACHAL PRADESH","12","CHANGLANG","269","20","12","0","5","3","2019-08-06T08:25:38.517"
"ARUNACHAL PRADESH","12","DIBANG VALLEY","267","8","2","1","1","4","2019-08-06T08:25:38.517"
"ARUNACHAL PRADESH","12","EAST KAMENG","260","7","0","2","4","1","2019-08-06T08:25:38.517"
"ARUNACHAL PRADESH","12","EAST SIANG","265","20","5","1","12","2","2019-08-06T08:25:38.517"
"ARUNACHAL PRADESH","12","KURUNG KUMEY","631","7","1","0","6","0","2019-08-06T08:25:38.517"
"ARUNACHAL PRADESH","12","LOHIT","268","10","4","0","5","1","2019-08-06T08:25:38.517"
"ARUNACHAL PRADESH","12","LONGDING","630","3","2","0","1","0","2019-08-06T08:25:38.517"
"ARUNACHAL PRADESH","12","LOWER DIBANG VALLEY","629","16","8","0","8","0","2019-08-06T08:25:38.517"
"ARUNACHAL PRADESH","12","LOWER SUBANSIRI","262","41","2","0","38","1","2019-08-06T08:25:38.517"
"ARUNACHAL PRADESH","12","PAPUM PARE","261","229","44","4","176","5","2019-08-06T08:25:38.517"
"ARUNACHAL PRADESH","12","TAWANG","258","5","3","0","2","0","2019-08-06T08:25:38.517"
"ARUNACHAL PRADESH","12","TIRAP","270","2","0","0","2","0","2019-08-06T08:25:38.517"
"ARUNACHAL PRADESH","12","UPPER SIANG","266","3","0","0","3","0","2019-08-06T08:25:38.517"
"ARUNACHAL PRADESH","12","UPPER SUBANSIRI","263","26","1","0","25","0","2019-08-06T08:25:38.517"
"ARUNACHAL PRADESH","12","WEST KAMENG","259","19","5","1","13","0","2019-08-06T08:25:38.517"
"ARUNACHAL PRADESH","12","WEST SIANG","264","27","8","2","17","0","2019-08-06T08:25:38.517"
"ASSAM","18","BAKSA","651","43","9","6","17","11","2019-08-06T08:25:44.150"
"ASSAM","18","BARPETA","311","98","86","2","1","9","2019-08-06T08:25:44.150"
"ASSAM","18","BONGAIGAON","310","87","56","7","3","21","2019-08-06T08:25:44.150"
"ASSAM","18","CACHAR","327","175","130","16","4","25","2019-08-06T08:25:44.150"
"ASSAM","18","CHIRANG","652","44","21","3","15","5","2019-08-06T08:25:44.150"
"ASSAM","18","DARRANG","314","62","45","1","3","13","2019-08-06T08:25:44.150"
"ASSAM","18","DHEMAJI","653","78","10","5","24","39","2019-08-06T08:25:44.150"
"ASSAM","18","DHUBRI","308","101","84","3","0","14","2019-08-06T08:25:44.150"
"ASSAM","18","DIBRUGARH","321","446","249","19","24","154","2019-08-06T08:25:44.150"
"ASSAM","18","DIMA HASAO","654","9","2","0","6","1","2019-08-06T08:25:44.150"
"ASSAM","18","GOALPARA","309","56","47","2","5","2","2019-08-06T08:25:44.150"
"ASSAM","18","GOLAGHAT","324","269","144","25","17","83","2019-08-06T08:25:44.150"
"ASSAM","18","HAILAKANDI","329","33","28","1","1","3","2019-08-06T08:25:44.150"
"ASSAM","18","JORHAT","323","108","74","4","1","29","2019-08-06T08:25:44.150"
"ASSAM","18","KAMRUP","312","331","263","12","10","46","2019-08-06T08:25:44.150"
"ASSAM","18","KAMRUP METRO","319","1200","922","66","33","179","2019-08-06T08:25:44.150"
"ASSAM","18","KARBI-ANGELONG","325","53","19","7","13","14","2019-08-06T08:25:44.150"
"ASSAM","18","KARIMGANJ","328","87","61","6","0","20","2019-08-06T08:25:44.150"
"ASSAM","18","KOKRAJHAR","307","89","38","2","34","15","2019-08-06T08:25:44.150"
"ASSAM","18","LAKHIMPUR","318","109","55","7","9","38","2019-08-06T08:25:44.150"
"ASSAM","18","MARIGAON","315","43","31","3","3","6","2019-08-06T08:25:44.150"
"ASSAM","18","NAGAON","316","287","212","24","2","49","2019-08-06T08:25:44.150"
"ASSAM","18","NALBARI","313","31","21","3","1","6","2019-08-06T08:25:44.150"
"ASSAM","18","SIVASAGAR","322","195","89","10","8","88","2019-08-06T08:25:44.150"
"ASSAM","18","SONITPUR","317","159","89","7","12","51","2019-08-06T08:25:44.150"
"ASSAM","18","TINSUKIA","320","237","171","8","2","56","2019-08-06T08:25:44.150"
"ASSAM","18","UDALGURI","326","43","9","2","22","10","2019-08-06T08:25:44.150"
"BIHAR","10","ARARIA","223","37149","5641","3861","1425","26222","2019-08-06T08:25:49.943"
"BIHAR","10","ARWAL","613","1654","367","256","36","995","2019-08-06T08:25:49.943"
"BIHAR","10","AURANGABAD","250","2411","814","248","79","1270","2019-08-06T08:25:49.943"
"BIHAR","10","BANKA","239","8102","1827","910","271","5094","2019-08-06T08:25:49.943"
"BIHAR","10","BEGUSARAI","236","19464","4513","3767","582","10602","2019-08-06T08:25:49.943"
"BIHAR","10","BHAGALPUR","238","12867","4861","1215","382","6409","2019-08-06T08:25:49.943"
"BIHAR","10","BHOJPUR","245","3000","919","446","58","1577","2019-08-06T08:25:49.943"
"BIHAR","10","BUXAR","246","2907","784","440","69","1614","2019-08-06T08:25:49.943"
"BIHAR","10","DARBHANGA","229","30566","5455","6569","1885","16657","2019-08-06T08:25:49.943"
"BIHAR","10","GAYA","251","12507","3157","2921","185","6244","2019-08-06T08:25:49.943"
"BIHAR","10","GOPALGANJ","231","5228","1576","463","266","2923","2019-08-06T08:25:49.943"
"BIHAR","10","JAMUI","253","6221","1121","1419","181","3500","2019-08-06T08:25:49.943"
"BIHAR","10","JEHANABAD","249","1904","480","352","55","1017","2019-08-06T08:25:49.943"
"BIHAR","10","KAIMUR (BHABUA)","247","2955","522","699","111","1623","2019-08-06T08:25:49.943"
"BIHAR","10","KATIHAR","226","10301","4045","647","619","4990","2019-08-06T08:25:49.943"
"BIHAR","10","KHAGARIA","237","8956","1852","1137","351","5616","2019-08-06T08:25:49.943"
"BIHAR","10","KISHANGANJ","224","11657","6594","659","299","4105","2019-08-06T08:25:49.943"
"BIHAR","10","LAKHISARAI","241","5410","1216","844","96","3254","2019-08-06T08:25:49.943"
"BIHAR","10","MADHEPURA","227","5335","965","796","225","3349","2019-08-06T08:25:49.943"
"BIHAR","10","MADHUBANI","221","16825","3944","2232","438","10211","2019-08-06T08:25:49.943"
"BIHAR","10","MUNGER","240","5004","982","657","153","3212","2019-08-06T08:25:49.943"
"BIHAR","10","MUZAFFARPUR","230","51155","11787","7070","2877","29421","2019-08-06T08:25:49.943"
"BIHAR","10","NALANDA","243","13681","2242","4191","474","6774","2019-08-06T08:25:49.943"
"BIHAR","10","NAWADA","252","4294","1143","880","131","2140","2019-08-06T08:25:49.943"
"BIHAR","10","PASHCHIM  CHAMPARAN","217","34672","8111","4372","2117","20072","2019-08-06T08:25:49.943"
"BIHAR","10","PATNA","244","36760","12400","5815","1210","17335","2019-08-06T08:25:49.943"
"BIHAR","10","PURBI  CHAMPARAN","218","31544","6285","3939","1376","19944","2019-08-06T08:25:49.943"
"BIHAR","10","PURNIA","225","26565","5886","3715","1385","15579","2019-08-06T08:25:49.943"
"BIHAR","10","ROHTAS","248","14213","2511","3044","769","7889","2019-08-06T08:25:49.943"
"BIHAR","10","SAHARSA","228","13543","2941","1512","513","8577","2019-08-06T08:25:49.943"
"BIHAR","10","SAMASTIPUR","235","27249","5335","6321","1290","14303","2019-08-06T08:25:49.943"
"BIHAR","10","SARAN","233","13271","3685","2200","402","6984","2019-08-06T08:25:49.943"
"BIHAR","10","SHEIKHPURA","242","1667","379","353","25","910","2019-08-06T08:25:49.943"
"BIHAR","10","SHEOHAR","219","4064","1112","384","164","2404","2019-08-06T08:25:49.943"
"BIHAR","10","SITAMARHI","220","30803","7646","4001","1252","17904","2019-08-06T08:25:49.943"
"BIHAR","10","SIWAN","232","4149","1494","314","187","2154","2019-08-06T08:25:49.943"
"BIHAR","10","SUPAUL","222","9244","1405","1505","459","5875","2019-08-06T08:25:49.943"
"BIHAR","10","VAISHALI","234","27541","5007","6947","1026","14561","2019-08-06T08:25:49.943"
"CHHATTISGARH","22","BALOD","673","2059","184","119","274","1482","2019-08-06T08:26:10.070"
"CHHATTISGARH","22","BALOD BAZAR","674","1347","177","179","77","914","2019-08-06T08:26:10.070"
"CHHATTISGARH","22","BALRAMPUR","677","117","46","8","29","34","2019-08-06T08:26:10.070"
"CHHATTISGARH","22","BASTAR","380","320","161","12","53","94","2019-08-06T08:26:10.070"
"CHHATTISGARH","22","BEMETARA","675","858","92","85","21","660","2019-08-06T08:26:10.070"
"CHHATTISGARH","22","BIJAPUR","676","21","6","3","2","10","2019-08-06T08:26:10.070"
"CHHATTISGARH","22","BILASPUR","372","1280","636","182","57","405","2019-08-06T08:26:10.070"
"CHHATTISGARH","22","DANTEWADA","381","186","138","10","19","19","2019-08-06T08:26:10.070"
"CHHATTISGARH","22","DHAMTARI","378","933","133","41","44","715","2019-08-06T08:26:10.070"
"CHHATTISGARH","22","DURG","375","5104","2528","340","130","2106","2019-08-06T08:26:10.070"
"CHHATTISGARH","22","GARIABAND","681","196","40","19","21","116","2019-08-06T08:26:10.070"
"CHHATTISGARH","22","JANJGIR-CHAMPA","371","1480","246","350","71","813","2019-08-06T08:26:10.070"
"CHHATTISGARH","22","JASHPUR","368","111","52","2","23","34","2019-08-06T08:26:10.070"
"CHHATTISGARH","22","KABIRDHAM","373","609","78","59","63","409","2019-08-06T08:26:10.070"
"CHHATTISGARH","22","KANKER","379","176","45","6","44","81","2019-08-06T08:26:10.070"
"CHHATTISGARH","22","KONDAGAON","678","296","71","27","97","101","2019-08-06T08:26:10.070"
"CHHATTISGARH","22","KORBA","370","1021","561","88","102","270","2019-08-06T08:26:10.070"
"CHHATTISGARH","22","KOREA","366","163","108","7","15","33","2019-08-06T08:26:10.070"
"CHHATTISGARH","22","MAHASAMUND","377","293","94","23","29","147","2019-08-06T08:26:10.070"
"CHHATTISGARH","22","MUNGELI","679","185","42","43","5","95","2019-08-06T08:26:10.070"
"CHHATTISGARH","22","NARAYANPUR","680","17","9","1","3","4","2019-08-06T08:26:10.070"
"CHHATTISGARH","22","RAIGARH","369","932","356","142","50","384","2019-08-06T08:26:10.070"
"CHHATTISGARH","22","RAIPUR","376","7537","4350","489","116","2582","2019-08-06T08:26:10.070"
"CHHATTISGARH","22","RAJNANDAGAON","374","2186","578","181","167","1260","2019-08-06T08:26:10.070"
"CHHATTISGARH","22","SUKMA","682","9","7","0","0","2","2019-08-06T08:26:10.070"
"CHHATTISGARH","22","SURAJPUR","683","135","66","4","19","46","2019-08-06T08:26:10.070"
"CHHATTISGARH","22","SURGUJA","367","267","168","4","34","61","2019-08-06T08:26:10.070"
"GOA","30","NORTH GOA","551","1731","1490","49","15","177","2019-08-06T08:26:16.500"
"GOA","30","SOUTH GOA","552","1408","1224","32","31","121","2019-08-06T08:26:16.500"
"GUJARAT","24","AHMADABAD","433","78319","69129","2252","401","6537","2019-08-06T08:26:22.133"
"GUJARAT","24","AMRELI","439","803","520","40","3","240","2019-08-06T08:26:22.133"
"GUJARAT","24","ANAND","441","4672","4076","103","29","464","2019-08-06T08:26:22.133"
"GUJARAT","24","ARVALLI","655","262","175","9","10","68","2019-08-06T08:26:22.133"
"GUJARAT","24","BANAS KANTHA","428","1216","757","60","15","384","2019-08-06T08:26:22.133"
"GUJARAT","24","BHARUCH","447","5996","5073","157","101","665","2019-08-06T08:26:22.133"
"GUJARAT","24","BHAVNAGAR","440","7346","5123","224","34","1965","2019-08-06T08:26:22.133"
"GUJARAT","24","BOTAD","656","294","156","9","2","127","2019-08-06T08:26:22.133"
"GUJARAT","24","CHHOTAUDEPUR","657","454","211","18","157","68","2019-08-06T08:26:22.133"
"GUJARAT","24","DANG","449","17","9","1","3","4","2019-08-06T08:26:22.133"
"GUJARAT","24","DEVBHOOMI DWARKA","658","602","353","19","5","225","2019-08-06T08:26:22.133"
"GUJARAT","24","DOHAD","444","313","160","14","81","58","2019-08-06T08:26:22.133"
"GUJARAT","24","GANDHINAGAR","432","5977","4511","281","57","1128","2019-08-06T08:26:22.133"
"GUJARAT","24","GIR SOMNATH","659","716","355","51","5","305","2019-08-06T08:26:22.133"
"GUJARAT","24","JAMNAGAR","436","3645","2816","91","36","702","2019-08-06T08:26:22.133"
"GUJARAT","24","JUNAGADH","438","2347","1647","108","33","559","2019-08-06T08:26:22.133"
"GUJARAT","24","KACHCHH","427","4579","3739","225","29","586","2019-08-06T08:26:22.133"
"GUJARAT","24","KHEDA","442","1457","1214","63","9","171","2019-08-06T08:26:22.133"
"GUJARAT","24","MAHESANA","430","2223","1643","48","14","518","2019-08-06T08:26:22.133"
"GUJARAT","24","MAHISAGAR","670","190","146","7","6","31","2019-08-06T08:26:22.133"
"GUJARAT","24","MORBI","671","1593","1376","40","5","172","2019-08-06T08:26:22.133"
"GUJARAT","24","NARMADA","446","215","141","5","41","28","2019-08-06T08:26:22.133"
"GUJARAT","24","NAVSARI","450","2669","2090","102","89","388","2019-08-06T08:26:22.133"
"GUJARAT","24","PANCH MAHALS","443","1103","735","28","49","291","2019-08-06T08:26:22.133"
"GUJARAT","24","PATAN","429","464","327","36","3","98","2019-08-06T08:26:22.133"
"GUJARAT","24","PORBANDAR","437","685","408","19","14","244","2019-08-06T08:26:22.133"
"GUJARAT","24","RAJKOT","435","28208","23844","608","131","3625","2019-08-06T08:26:22.133"
"GUJARAT","24","SABAR KANTHA","431","716","537","44","14","121","2019-08-06T08:26:22.133"
"GUJARAT","24","SURAT","448","97248","90725","888","473","5162","2019-08-06T08:26:22.133"
"GUJARAT","24","SURENDRANAGAR","434","879","525","77","4","273","2019-08-06T08:26:22.133"
"GUJARAT","24","TAPI","672","547","324","17","139","67","2019-08-06T08:26:22.133"
"GUJARAT","24","VADODARA","445","28093","24485","982","347","2279","2019-08-06T08:26:22.133"
"GUJARAT","24","VALSAD","451","6388","5316","144","282","646","2019-08-06T08:26:22.133"
"HARYANA","6","AMBALA","89","2663","2063","250","5","345","2019-08-06T08:26:37.920"
"HARYANA","6","BHIWANI","100","1236","754","236","4","242","2019-08-06T08:26:37.920"
"HARYANA","6","FARIDABAD","106","7434","6324","366","22","722","2019-08-06T08:26:37.920"
"HARYANA","6","FATEHABAD","97","2810","1414","878","0","518","2019-08-06T08:26:37.920"
"HARYANA","6","GURUGRAM","105","9997","8317","333","23","1324","2019-08-06T08:26:37.920"
"HARYANA","6","HISAR","99","3877","2311","810","5","751","2019-08-06T08:26:37.920"
"HARYANA","6","JHAJJAR","102","1084","768","116","3","197","2019-08-06T08:26:37.920"
"HARYANA","6","JIND","96","3343","2336","352","4","651","2019-08-06T08:26:37.920"
"HARYANA","6","KAITHAL","92","3943","1751","920","11","1261","2019-08-06T08:26:37.920"
"HARYANA","6","KARNAL","93","5574","4475","387","7","705","2019-08-06T08:26:37.920"
"HARYANA","6","KURUKSHETRA","91","2422","1873","149","4","396","2019-08-06T08:26:37.920"
"HARYANA","6","MAHENDRAGARH","103","928","435","46","2","445","2019-08-06T08:26:37.920"
"HARYANA","6","NUH","685","397","156","39","2","200","2019-08-06T08:26:37.920"
"HARYANA","6","PALWAL","684","1189","834","141","8","206","2019-08-06T08:26:37.920"
"HARYANA","6","PANCHKULA","88","2075","1779","103","1","192","2019-08-06T08:26:37.920"
"HARYANA","6","PANIPAT","94","6563","4205","767","23","1568","2019-08-06T08:26:37.920"
"HARYANA","6","REWARI","104","1128","626","73","2","427","2019-08-06T08:26:37.920"
"HARYANA","6","ROHTAK","101","1441","1105","121","2","213","2019-08-06T08:26:37.920"
"HARYANA","6","SIRSA","98","3748","2305","624","5","814","2019-08-06T08:26:37.920"
"HARYANA","6","SONIPAT","95","2645","2024","188","5","428","2019-08-06T08:26:37.920"
"HARYANA","6","YAMUNANAGAR","90","3517","2620","293","6","598","2019-08-06T08:26:37.920"
"HIMACHAL PRADESH","2","BILASPUR","52","69","52","13","1","3","2019-08-06T08:26:48.303"
"HIMACHAL PRADESH","2","CHAMBA","45","242","201","13","24","4","2019-08-06T08:26:48.303"
"HIMACHAL PRADESH","2","HAMIRPUR","50","176","137","25","0","14","2019-08-06T08:26:48.303"
"HIMACHAL PRADESH","2","KANGRA","46","961","641","111","49","160","2019-08-06T08:26:48.303"
"HIMACHAL PRADESH","2","KINNAUR","56","159","24","2","132","1","2019-08-06T08:26:48.303"
"HIMACHAL PRADESH","2","KULLU","48","382","305","45","19","13","2019-08-06T08:26:48.303"
"HIMACHAL PRADESH","2","LAHUL AND SPITI","47","6","0","0","6","0","2019-08-06T08:26:48.303"
"HIMACHAL PRADESH","2","MANDI","49","473","377","75","7","14","2019-08-06T08:26:48.303"
"HIMACHAL PRADESH","2","SHIMLA","55","611","514","84","8","5","2019-08-06T08:26:48.303"
"HIMACHAL PRADESH","2","SIRMAUR","54","426","296","66","0","64","2019-08-06T08:26:48.303"
"HIMACHAL PRADESH","2","SOLAN","53","1119","894","151","20","54","2019-08-06T08:26:48.303"
"HIMACHAL PRADESH","2","UNA","51","628","336","166","4","122","2019-08-06T08:26:48.303"
"JAMMU AND KASHMIR","1","ANANTNAG","36","177","158","1","0","18","2019-08-06T08:26:54.450"
"JAMMU AND KASHMIR","1","BADGAM","34","683","608","9","2","64","2019-08-06T08:26:54.450"
"JAMMU AND KASHMIR","1","BANDIPORA","604","59","55","1","2","1","2019-08-06T08:26:54.450"
"JAMMU AND KASHMIR","1","BARAMULLA","32","543","521","8","0","14","2019-08-06T08:26:54.450"
"JAMMU AND KASHMIR","1","DODA","39","28","23","4","1","0","2019-08-06T08:26:54.450"
"JAMMU AND KASHMIR","1","GANDERBAL","605","97","89","0","1","7","2019-08-06T08:26:54.450"
"JAMMU AND KASHMIR","1","JAMMU","43","1060","966","66","6","22","2019-08-06T08:26:54.450"
"JAMMU AND KASHMIR","1","KARGIL","38","22","2","0","20","0","2019-08-06T08:26:54.450"
"JAMMU AND KASHMIR","1","KATHUA","44","127","113","7","1","6","2019-08-06T08:26:54.450"
"JAMMU AND KASHMIR","1","KISHTWAR","606","54","49","3","0","2","2019-08-06T08:26:54.450"
"JAMMU AND KASHMIR","1","KULGAM","607","62","52","1","0","9","2019-08-06T08:26:54.450"
"JAMMU AND KASHMIR","1","KUPWARA","31","39","38","1","0","0","2019-08-06T08:26:54.450"
"JAMMU AND KASHMIR","1","LEH LADAKH","37","50","11","1","38","0","2019-08-06T08:26:54.450"
"JAMMU AND KASHMIR","1","POONCH","41","744","665","1","45","33","2019-08-06T08:26:54.450"
"JAMMU AND KASHMIR","1","PULWAMA","35","95","84","3","0","8","2019-08-06T08:26:54.450"
"JAMMU AND KASHMIR","1","RAJAURI","42","222","174","7","31","10","2019-08-06T08:26:54.450"
"JAMMU AND KASHMIR","1","RAMBAN","608","19","17","1","1","0","2019-08-06T08:26:54.450"
"JAMMU AND KASHMIR","1","REASI","609","51","48","3","0","0","2019-08-06T08:26:54.450"
"JAMMU AND KASHMIR","1","SAMBA","610","67","50","11","1","5","2019-08-06T08:26:54.450"
"JAMMU AND KASHMIR","1","SHOPIAN","611","26","25","0","0","1","2019-08-06T08:26:54.450"
"JAMMU AND KASHMIR","1","SRINAGAR","33","616","604","4","1","7","2019-08-06T08:26:54.450"
"JAMMU AND KASHMIR","1","UDHAMPUR","40","61","56","5","0","0","2019-08-06T08:26:54.450"
"JHARKHAND","20","BOKARO ","348","7125","3879","451","180","2615","2019-08-06T08:27:00.223"
"JHARKHAND","20","CHATRA","349","1134","220","111","43","760","2019-08-06T08:27:00.223"
"JHARKHAND","20","DEOGHAR","350","1899","736","86","22","1055","2019-08-06T08:27:00.223"
"JHARKHAND","20","DHANBAD","351","6870","4046","390","131","2303","2019-08-06T08:27:00.223"
"JHARKHAND","20","DUMKA","352","1337","373","53","78","833","2019-08-06T08:27:00.223"
"JHARKHAND","20","EAST SINGHBHUM","353","16233","11833","375","643","3382","2019-08-06T08:27:00.223"
"JHARKHAND","20","GARHWA ","354","3018","483","509","189","1837","2019-08-06T08:27:00.223"
"JHARKHAND","20","GIRIDIH","355","6854","2788","393","111","3562","2019-08-06T08:27:00.223"
"JHARKHAND","20","GODDA","356","1878","420","96","51","1311","2019-08-06T08:27:00.223"
"JHARKHAND","20","GUMLA ","357","1309","379","31","675","224","2019-08-06T08:27:00.223"
"JHARKHAND","20","HAZARIBAG ","358","6530","1299","856","291","4084","2019-08-06T08:27:00.223"
"JHARKHAND","20","JAMTARA","359","422","131","21","18","252","2019-08-06T08:27:00.223"
"JHARKHAND","20","KHUNTI ","360","1915","1398","44","202","271","2019-08-06T08:27:00.223"
"JHARKHAND","20","KODERMA ","361","1212","400","213","41","558","2019-08-06T08:27:00.223"
"JHARKHAND","20","LATEHAR","362","220","76","11","37","96","2019-08-06T08:27:00.223"
"JHARKHAND","20","LOHARDAGA ","363","1103","293","24","207","579","2019-08-06T08:27:00.223"
"JHARKHAND","20","PAKUR ","364","754","348","15","39","352","2019-08-06T08:27:00.223"
"JHARKHAND","20","PALAMU","365","2478","666","335","109","1368","2019-08-06T08:27:00.223"
"JHARKHAND","20","RAMGARH ","619","2919","1173","174","245","1327","2019-08-06T08:27:00.223"
"JHARKHAND","20","RANCHI ","620","12438","6014","330","1583","4511","2019-08-06T08:27:00.223"
"JHARKHAND","20","SAHEBGANJ","621","602","172","17","23","390","2019-08-06T08:27:00.223"
"JHARKHAND","20","SERAIKELA-KHARSAWAN  ","622","4270","2577","87","275","1331","2019-08-06T08:27:00.223"
"JHARKHAND","20","SIMDEGA ","623","235","51","17","67","100","2019-08-06T08:27:00.223"
"JHARKHAND","20","WEST SINGHBHUM","624","1169","420","47","345","357","2019-08-06T08:27:00.223"
"KARNATAKA","29","BAGALKOT","525","1607","685","164","46","712","2019-08-06T08:27:08.190"
"KARNATAKA","29","BALLARI","535","1222","536","155","83","448","2019-08-06T08:27:08.190"
"KARNATAKA","29","BELAGAVI","524","13664","5208","848","378","7230","2019-08-06T08:27:08.190"
"KARNATAKA","29","BENGALURU (RURAL)","544","5654","4365","279","68","942","2019-08-06T08:27:08.190"
"KARNATAKA","29","BENGALURU (URBAN)","543","56230","45807","2734","472","7217","2019-08-06T08:27:08.190"
"KARNATAKA","29","BIDAR","528","1506","592","266","74","574","2019-08-06T08:27:08.190"
"KARNATAKA","29","CHAMARAJNAGAR","550","355","150","51","22","132","2019-08-06T08:27:08.190"
"KARNATAKA","29","CHIKBALLAPUR","686","427","205","65","18","139","2019-08-06T08:27:08.190"
"KARNATAKA","29","CHIKKAMAGALURU","540","1546","950","113","45","438","2019-08-06T08:27:08.190"
"KARNATAKA","29","CHITRADURGA","536","655","252","148","55","200","2019-08-06T08:27:08.190"
"KARNATAKA","29","DAKSHIN KANNAD","547","5162","2897","135","106","2024","2019-08-06T08:27:08.190"
"KARNATAKA","29","DAVANGERE","537","1674","897","171","121","485","2019-08-06T08:27:08.190"
"KARNATAKA","29","DHARWAD","532","8327","4281","633","203","3210","2019-08-06T08:27:08.190"
"KARNATAKA","29","GADAG","531","960","428","80","25","427","2019-08-06T08:27:08.190"
"KARNATAKA","29","HASSAN","546","1090","476","121","15","478","2019-08-06T08:27:08.190"
"KARNATAKA","29","HAVERI","534","1094","620","61","25","388","2019-08-06T08:27:08.190"
"KARNATAKA","29","KALABURAGI","527","1006","512","134","17","343","2019-08-06T08:27:08.190"
"KARNATAKA","29","KODAGU","548","515","290","35","15","175","2019-08-06T08:27:08.190"
"KARNATAKA","29","KOLAR","542","821","383","153","20","265","2019-08-06T08:27:08.190"
"KARNATAKA","29","KOPPAL","530","375","165","38","24","148","2019-08-06T08:27:08.190"
"KARNATAKA","29","MANDYA","545","368","176","47","2","143","2019-08-06T08:27:08.190"
"KARNATAKA","29","MYSURU","549","4618","3045","273","146","1154","2019-08-06T08:27:08.190"
"KARNATAKA","29","RAICHUR","529","900","381","91","51","377","2019-08-06T08:27:08.190"
"KARNATAKA","29","RAMANAGARA","687","871","472","92","6","301","2019-08-06T08:27:08.190"
"KARNATAKA","29","SHIVAMOGGA","538","1822","1013","146","46","617","2019-08-06T08:27:08.190"
"KARNATAKA","29","TUMAKURU","541","1482","846","156","71","409","2019-08-06T08:27:08.190"
"KARNATAKA","29","UDUPI","539","2293","916","60","59","1258","2019-08-06T08:27:08.190"
"KARNATAKA","29","UTTAR KANNAD","533","1920","883","111","22","904","2019-08-06T08:27:08.190"
"KARNATAKA","29","VIJAYAPURA","526","2036","770","372","21","873","2019-08-06T08:27:08.190"
"KARNATAKA","29","YADGIR","688","476","162","78","31","205","2019-08-06T08:27:08.190"
"KERALA","32","ALAPPUZHA","564","2145","1070","113","3","959","2019-08-06T08:27:17.380"
"KERALA","32","ERNAKULAM","561","8690","5921","227","13","2529","2019-08-06T08:27:17.380"
"KERALA","32","IDUKKI","562","709","484","41","4","180","2019-08-06T08:27:17.380"
"KERALA","32","KANNUR","555","1430","676","37","4","713","2019-08-06T08:27:17.380"
"KERALA","32","KASARAGOD","554","921","404","26","14","477","2019-08-06T08:27:17.380"
"KERALA","32","KOLLAM","566","2049","945","72","2","1030","2019-08-06T08:27:17.380"
"KERALA","32","KOTTAYAM","563","2080","1468","79","4","529","2019-08-06T08:27:17.380"
"KERALA","32","KOZHIKODE","557","1830","946","55","0","829","2019-08-06T08:27:17.380"
"KERALA","32","MALAPPURAM","558","1393","536","41","6","810","2019-08-06T08:27:17.380"
"KERALA","32","PALAKKAD","559","1805","892","96","5","812","2019-08-06T08:27:17.380"
"KERALA","32","PATHANAMTHIPTA","565","1189","832","72","4","281","2019-08-06T08:27:17.380"
"KERALA","32","THIRUVANANTHAPURAM","567","9687","5263","522","18","3884","2019-08-06T08:27:17.380"
"KERALA","32","THRISSUR","560","3505","2139","161","8","1197","2019-08-06T08:27:17.380"
"KERALA","32","WAYANAD","556","317","194","8","5","110","2019-08-06T08:27:17.380"
"MADHYA PRADESH","23","AGAR MALWA","689","3465","755","564","46","2100","2019-08-06T08:27:25.880"
"MADHYA PRADESH","23","ALIRAJPUR","690","3025","268","95","1930","732","2019-08-06T08:27:25.880"
"MADHYA PRADESH","23","ANUPPUR","691","4752","1048","544","1479","1681","2019-08-06T08:27:25.880"
"MADHYA PRADESH","23","ASHOK NAGAR","692","5575","2295","577","60","2643","2019-08-06T08:27:25.880"
"MADHYA PRADESH","23","BALAGHAT","426","15633","2805","1400","1189","10239","2019-08-06T08:27:25.880"
"MADHYA PRADESH","23","BARWANI","409","5943","968","383","1495","3097","2019-08-06T08:27:25.880"
"MADHYA PRADESH","23","BETUL","416","7541","1025","986","734","4796","2019-08-06T08:27:25.880"
"MADHYA PRADESH","23","BHIND","384","7450","3597","1633","63","2157","2019-08-06T08:27:25.880"
"MADHYA PRADESH","23","BHOPAL","413","20945","12688","1315","292","6650","2019-08-06T08:27:25.880"
"MADHYA PRADESH","23","BURHANPUR","386","6415","1690","377","237","4111","2019-08-06T08:27:25.880"
"MADHYA PRADESH","23","CHHATARPUR","390","6687","2959","885","81","2762","2019-08-06T08:27:25.880"
"MADHYA PRADESH","23","CHHINDWARA","424","9143","1480","1388","1081","5194","2019-08-06T08:27:25.880"
"MADHYA PRADESH","23","DAMOH","393","8951","2568","1269","342","4772","2019-08-06T08:27:25.880"
"MADHYA PRADESH","23","DATIA","693","3172","1141","551","20","1460","2019-08-06T08:27:25.880"
"MADHYA PRADESH","23","DEWAS","404","15008","10326","1536","211","2935","2019-08-06T08:27:25.880"
"MADHYA PRADESH","23","DHAR","406","24670","6349","2791","5526","10004","2019-08-06T08:27:25.880"
"MADHYA PRADESH","23","DINDORI","694","5053","432","398","2204","2019","2019-08-06T08:27:25.880"
"MADHYA PRADESH","23","GUNA","388","9244","2846","1590","214","4594","2019-08-06T08:27:25.880"
"MADHYA PRADESH","23","GWALIOR","385","17956","5777","2844","184","9151","2019-08-06T08:27:25.880"
"MADHYA PRADESH","23","HARDA","417","4228","1919","445","404","1460","2019-08-06T08:27:25.880"
"MADHYA PRADESH","23","HOSHANGABAD","418","9234","2468","866","212","5688","2019-08-06T08:27:25.880"
"MADHYA PRADESH","23","INDORE","407","21523","14244","1313","418","5548","2019-08-06T08:27:25.880"
"MADHYA PRADESH","23","JABALPUR","420","11119","7653","651","178","2637","2019-08-06T08:27:25.880"
"MADHYA PRADESH","23","JHABUA","405","10045","1117","387","6849","1692","2019-08-06T08:27:25.880"
"MADHYA PRADESH","23","KATNI","419","8453","3905","1100","1018","2430","2019-08-06T08:27:25.880"
"MADHYA PRADESH","23","KHANDWA (E.N.)","410","5836","2260","493","471","2612","2019-08-06T08:27:25.880"
"MADHYA PRADESH","23","KHARGAONE (W.N..)","408","7678","2154","619","606","4299","2019-08-06T08:27:25.880"
"MADHYA PRADESH","23","MANDLA","423","4925","729","610","1391","2195","2019-08-06T08:27:25.880"
"MADHYA PRADESH","23","MANDSAUR","400","4498","1523","488","56","2431","2019-08-06T08:27:25.880"
"MADHYA PRADESH","23","MORENA","383","5662","3430","566","42","1624","2019-08-06T08:27:25.880"
"MADHYA PRADESH","23","NARASINGHPUR","421","5355","1345","798","596","2616","2019-08-06T08:27:25.880"
"MADHYA PRADESH","23","NEEMUCH","399","6858","2001","1098","309","3450","2019-08-06T08:27:25.880"
"MADHYA PRADESH","23","PANNA","391","5767","2273","959","246","2289","2019-08-06T08:27:25.880"
"MADHYA PRADESH","23","RAISEN","415","14682","4842","1295","658","7887","2019-08-06T08:27:25.880"
"MADHYA PRADESH","23","RAJGARH","411","7685","1368","1232","212","4873","2019-08-06T08:27:25.880"
"MADHYA PRADESH","23","RATLAM","401","8552","3586","769","1780","2417","2019-08-06T08:27:25.880"
"MADHYA PRADESH","23","REWA","395","10170","5912","1050","457","2751","2019-08-06T08:27:25.880"
"MADHYA PRADESH","23","SAGAR","392","11654","2694","2010","696","6254","2019-08-06T08:27:25.880"
"MADHYA PRADESH","23","SATNA","394","6931","4171","759","105","1896","2019-08-06T08:27:25.880"
"MADHYA PRADESH","23","SEHORE","414","11818","5002","2182","551","4083","2019-08-06T08:27:25.880"
"MADHYA PRADESH","23","SEONI","425","11505","1681","2538","3210","4076","2019-08-06T08:27:25.880"
"MADHYA PRADESH","23","SHAHDOL","397","3920","2013","331","904","672","2019-08-06T08:27:25.880"
"MADHYA PRADESH","23","SHAJAPUR","403","5019","1222","827","55","2915","2019-08-06T08:27:25.880"
"MADHYA PRADESH","23","SHEOPUR","382","4553","1376","901","508","1768","2019-08-06T08:27:25.880"
"MADHYA PRADESH","23","SHIVPURI","387","9088","2528","1705","221","4634","2019-08-06T08:27:25.880"
"MADHYA PRADESH","23","SIDHI","398","6346","2628","806","955","1957","2019-08-06T08:27:25.880"
"MADHYA PRADESH","23","SINGRAULI","422","5196","1717","622","549","2308","2019-08-06T08:27:25.880"
"MADHYA PRADESH","23","TIKAMGARH","389","7397","1503","2024","114","3756","2019-08-06T08:27:25.880"
"MADHYA PRADESH","23","UJJAIN","402","9454","4021","1923","837","2673","2019-08-06T08:27:25.880"
"MADHYA PRADESH","23","UMARIA","396","3145","1023","312","590","1220","2019-08-06T08:27:25.880"
"MADHYA PRADESH","23","VIDISHA","412","11473","4043","1830","106","5494","2019-08-06T08:27:25.880"
"MAHARASHTRA","27","AHMEDNAGAR","480","17674","12177","1334","201","3962","2019-08-06T08:27:42.813"
"MAHARASHTRA","27","AKOLA","459","7315","3567","1247","122","2379","2019-08-06T08:27:42.813"
"MAHARASHTRA","27","AMRAVATI","461","6222","2380","894","143","2805","2019-08-06T08:27:42.813"
"MAHARASHTRA","27","AURANGABAD","473","39143","27736","5552","323","5532","2019-08-06T08:27:42.813"
"MAHARASHTRA","27","BEED","481","6987","4984","573","25","1405","2019-08-06T08:27:42.813"
"MAHARASHTRA","27","BHANDARA","464","16083","2819","2478","672","10114","2019-08-06T08:27:42.813"
"MAHARASHTRA","27","BULDHANA","458","8637","3767","1002","143","3725","2019-08-06T08:27:42.813"
"MAHARASHTRA","27","CHANDRAPUR","467","18221","4881","3067","1883","8390","2019-08-06T08:27:42.813"
"MAHARASHTRA","27","DHULE","456","3242","1287","223","215","1517","2019-08-06T08:27:42.813"
"MAHARASHTRA","27","GADCHIROLI","466","10843","3322","1292","1809","4420","2019-08-06T08:27:42.813"
"MAHARASHTRA","27","GONDIA","465","19808","4670","3212","1584","10342","2019-08-06T08:27:42.813"
"MAHARASHTRA","27","HINGOLI","470","2415","1206","426","114","669","2019-08-06T08:27:42.813"
"MAHARASHTRA","27","JALGAON","457","15237","7991","1077","289","5880","2019-08-06T08:27:42.813"
"MAHARASHTRA","27","JALNA","472","11960","8283","1129","117","2431","2019-08-06T08:27:42.813"
"MAHARASHTRA","27","KOLHAPUR","488","18157","13905","1521","123","2608","2019-08-06T08:27:42.813"
"MAHARASHTRA","27","LATUR","482","3760","2671","410","39","640","2019-08-06T08:27:42.813"
"MAHARASHTRA","27","MUMBAI ","636","72238","64381","3026","289","4542","2019-08-06T08:27:42.813"
"MAHARASHTRA","27","MUMBAI SUBURBAN","476","107901","96231","4975","445","6250","2019-08-06T08:27:42.813"
"MAHARASHTRA","27","NAGPUR","463","45494","20097","6777","1609","17011","2019-08-06T08:27:42.813"
"MAHARASHTRA","27","NAN DED","469","4567","2873","806","97","791","2019-08-06T08:27:42.813"
"MAHARASHTRA","27","NANDURBAR","455","1266","570","74","253","369","2019-08-06T08:27:42.813"
"MAHARASHTRA","27","NASHIK","474","23384","14859","1864","537","6124","2019-08-06T08:27:42.813"
"MAHARASHTRA","27","OSMANABAD","483","2884","2180","245","18","441","2019-08-06T08:27:42.813"
"MAHARASHTRA","27","PALGHAR","477","36626","30444","1097","1117","3968","2019-08-06T08:27:42.813"
"MAHARASHTRA","27","PARBHANI","471","4117","2645","618","38","816","2019-08-06T08:27:42.813"
"MAHARASHTRA","27","PUNE","479","100151","79627","6689","980","12855","2019-08-06T08:27:42.813"
"MAHARASHTRA","27","RAIGAD","478","29611","22910","1643","239","4819","2019-08-06T08:27:42.813"
"MAHARASHTRA","27","RATNAGIRI","486","6572","3764","382","64","2362","2019-08-06T08:27:42.813"
"MAHARASHTRA","27","SANGLI","489","11663","8234","1039","104","2286","2019-08-06T08:27:42.813"
"MAHARASHTRA","27","SATARA","485","9435","6513","772","84","2066","2019-08-06T08:27:42.813"
"MAHARASHTRA","27","SINDHUDURG","487","2329","1477","134","15","703","2019-08-06T08:27:42.813"
"MAHARASHTRA","27","SOLAPUR","484","13809","9227","1207","106","3269","2019-08-06T08:27:42.813"
"MAHARASHTRA","27","THANE","475","106664","90928","5561","715","9460","2019-08-06T08:27:42.813"
"MAHARASHTRA","27","WARDHA","462","9768","2655","1479","443","5191","2019-08-06T08:27:42.813"
"MAHARASHTRA","27","WASHIM","460","6091","2339","1309","70","2373","2019-08-06T08:27:42.813"
"MAHARASHTRA","27","YAVATMAL","468","5123","2096","513","430","2084","2019-08-06T08:27:42.813"
"MANIPUR","14","BISHNUPUR","282","937","709","112","6","110","2019-08-06T08:28:09.143"
"MANIPUR","14","CHANDEL","287","313","41","5","263","4","2019-08-06T08:28:09.143"
"MANIPUR","14","CHURACHANDPUR","281","354","40","7","303","4","2019-08-06T08:28:09.143"
"MANIPUR","14","IMPHAL EAST","285","3576","3025","28","132","391","2019-08-06T08:28:09.143"
"MANIPUR","14","IMPHAL WEST","284","3878","3258","81","119","420","2019-08-06T08:28:09.143"
"MANIPUR","14","SENAPATI","279","320","37","1","282","0","2019-08-06T08:28:09.143"
"MANIPUR","14","TAMENGLONG","280","51","8","0","42","1","2019-08-06T08:28:09.143"
"MANIPUR","14","THOUBAL","283","1339","788","131","14","406","2019-08-06T08:28:09.143"
"MANIPUR","14","UKHRUL","286","242","16","0","223","3","2019-08-06T08:28:09.143"
"MEGHALAYA","17","EAST GARO HILLS","301","11","0","0","11","0","2019-08-06T08:28:15.247"
"MEGHALAYA","17","EAST JAINTIA HILLS","640","12","4","0","6","2","2019-08-06T08:28:15.247"
"MEGHALAYA","17","EAST KHASI HILLS","305","302","86","4","202","10","2019-08-06T08:28:15.247"
"MEGHALAYA","17","NORTH GARO HILLS","641","30","0","1","28","1","2019-08-06T08:28:15.247"
"MEGHALAYA","17","RI-BHOI","304","48","11","0","35","2","2019-08-06T08:28:15.247"
"MEGHALAYA","17","SOUTH GARO HILLS","302","3","0","1","2","0","2019-08-06T08:28:15.247"
"MEGHALAYA","17","SOUTH WEST  GARO HILLS","642","9","3","2","4","0","2019-08-06T08:28:15.247"
"MEGHALAYA","17","SOUTH WEST KHASI HILLS","643","30","0","0","30","0","2019-08-06T08:28:15.247"
"MEGHALAYA","17","WEST GARO HILLS","300","30","8","0","19","3","2019-08-06T08:28:15.247"
"MEGHALAYA","17","WEST JAINTIA HILLS","306","20","1","0","18","1","2019-08-06T08:28:15.247"
"MEGHALAYA","17","WEST KHASI HILLS","303","41","2","0","38","1","2019-08-06T08:28:15.247"
"MIZORAM","15","AIZAWL","290","500","45","6","448","1","2019-08-06T08:28:20.843"
"MIZORAM","15","CHAMPHAI","291","94","13","0","80","1","2019-08-06T08:28:20.843"
"MIZORAM","15","KOLASIB","289","48","4","0","44","0","2019-08-06T08:28:20.843"
"MIZORAM","15","LAWNGTLAI","294","18","5","1","12","0","2019-08-06T08:28:20.843"
"MIZORAM","15","LUNGLEI","293","82","9","0","73","0","2019-08-06T08:28:20.843"
"MIZORAM","15","MAMIT","288","6","2","0","4","0","2019-08-06T08:28:20.843"
"MIZORAM","15","SAIHA","295","11","1","0","10","0","2019-08-06T08:28:20.843"
"MIZORAM","15","SERCHIP","292","19","3","0","16","0","2019-08-06T08:28:20.843"
"NAGALAND","13","DIMAPUR","276","276","63","8","193","12","2019-08-06T08:28:26.450"
"NAGALAND","13","KIPHRIE","644","6","3","0","3","0","2019-08-06T08:28:26.450"
"NAGALAND","13","KOHIMA","277","61","12","0","46","3","2019-08-06T08:28:26.450"
"NAGALAND","13","MOKOKCHUNG","273","18","4","1","13","0","2019-08-06T08:28:26.450"
"NAGALAND","13","MON","271","4","1","0","3","0","2019-08-06T08:28:26.450"
"NAGALAND","13","PEREN","646","1","1","0","0","0","2019-08-06T08:28:26.450"
"NAGALAND","13","PHEK","278","9","5","0","3","1","2019-08-06T08:28:26.450"
"NAGALAND","13","TUENSANG","272","4","1","0","3","0","2019-08-06T08:28:26.450"
"NAGALAND","13","WOKHA","275","16","0","0","16","0","2019-08-06T08:28:26.450"
"ODISHA","21","ANGUL","15","969","599","45","27","298","2019-08-06T08:28:31.997"
"ODISHA","21","BALANGIR","24","541","305","60","10","166","2019-08-06T08:28:31.997"
"ODISHA","21","BALASORE","8","21188","7734","4559","1123","7772","2019-08-06T08:28:31.997"
"ODISHA","21","BARGARH","1","381","196","37","10","138","2019-08-06T08:28:31.997"
"ODISHA","21","BHADRAK","9","2756","1260","542","7","947","2019-08-06T08:28:31.997"
"ODISHA","21","BOUDH","22","401","70","60","23","248","2019-08-06T08:28:31.997"
"ODISHA","21","CUTTACK","12","4332","3054","442","10","826","2019-08-06T08:28:31.997"
"ODISHA","21","DEOGARH","4","41","22","1","5","13","2019-08-06T08:28:31.997"
"ODISHA","21","DHENKANAL","14","325","174","21","2","128","2019-08-06T08:28:31.997"
"ODISHA","21","GAJAPATI","20","406","145","42","100","119","2019-08-06T08:28:31.997"
"ODISHA","21","GANJAM","19","4594","2351","478","39","1726","2019-08-06T08:28:31.997"
"ODISHA","21","JAGATSINGHPUR","11","705","572","41","2","90","2019-08-06T08:28:31.997"
"ODISHA","21","JAJPUR","13","723","523","51","3","146","2019-08-06T08:28:31.997"
"ODISHA","21","JHARSUGUDA","2","445","326","28","22","69","2019-08-06T08:28:31.997"
"ODISHA","21","KALAHANDI","26","321","144","42","5","130","2019-08-06T08:28:31.997"
"ODISHA","21","KANDHAMAL","21","387","176","92","33","86","2019-08-06T08:28:31.997"
"ODISHA","21","KENDRAPARA","10","331","244","22","1","64","2019-08-06T08:28:31.997"
"ODISHA","21","KENDUJHAR","6","213","126","16","11","60","2019-08-06T08:28:31.997"
"ODISHA","21","KHORDHA","17","5773","4954","309","46","464","2019-08-06T08:28:31.997"
"ODISHA","21","KORAPUT","29","647","481","69","28","69","2019-08-06T08:28:31.997"
"ODISHA","21","MALKANGIRI  ","30","297","139","130","16","12","2019-08-06T08:28:31.997"
"ODISHA","21","MAYURBHANJ","7","632","353","43","73","163","2019-08-06T08:28:31.997"
"ODISHA","21","NABARANGAPUR","28","278","106","71","59","42","2019-08-06T08:28:31.997"
"ODISHA","21","NAYAGARH","16","569","304","33","4","228","2019-08-06T08:28:31.997"
"ODISHA","21","NUAPADA","25","85","36","14","4","31","2019-08-06T08:28:31.997"
"ODISHA","21","PURI","18","2426","1886","159","11","370","2019-08-06T08:28:31.997"
"ODISHA","21","RAYAGADA","27","787","399","127","38","223","2019-08-06T08:28:31.997"
"ODISHA","21","SAMBALPUR","3","812","626","55","23","108","2019-08-06T08:28:31.997"
"ODISHA","21","SONEPUR","23","371","88","31","1","251","2019-08-06T08:28:31.997"
"ODISHA","21","SUNDARGARH","5","1569","1205","69","168","127","2019-08-06T08:28:31.997"
"PUNJAB","3","AMRITSAR","57","3867","3353","243","0","271","2019-08-06T08:28:39.303"
"PUNJAB","3","BARNALA","58","1657","1232","263","2","160","2019-08-06T08:28:39.303"
"PUNJAB","3","BATHINDA","60","4175","3609","330","5","231","2019-08-06T08:28:39.303"
"PUNJAB","3","FARIDKOT","61","2380","2073","180","0","127","2019-08-06T08:28:39.303"
"PUNJAB","3","FATEHGARH SAHIB","69","1378","1126","126","1","125","2019-08-06T08:28:39.303"
"PUNJAB","3","FAZILKA","62","1124","849","108","1","166","2019-08-06T08:28:39.303"
"PUNJAB","3","FEROZEPUR","63","1858","1556","149","3","150","2019-08-06T08:28:39.303"
"PUNJAB","3","GURDASPUR","59","1207","989","96","5","117","2019-08-06T08:28:39.303"
"PUNJAB","3","HOSHIARPUR","64","2944","2188","505","6","245","2019-08-06T08:28:39.303"
"PUNJAB","3","JALANDHAR","65","9614","7540","1514","13","547","2019-08-06T08:28:39.303"
"PUNJAB","3","KAPURTHALA","66","3293","2478","422","4","389","2019-08-06T08:28:39.303"
"PUNJAB","3","LUDHIANA","67","20353","18404","1159","19","771","2019-08-06T08:28:39.303"
"PUNJAB","3","MANSA","70","1578","1396","95","1","86","2019-08-06T08:28:39.303"
"PUNJAB","3","MOGA","71","3769","3097","316","2","354","2019-08-06T08:28:39.303"
"PUNJAB","3","MUKTSAR","73","1355","1143","121","0","91","2019-08-06T08:28:39.303"
"PUNJAB","3","PATHANKOT","615","389","319","34","1","35","2019-08-06T08:28:39.303"
"PUNJAB","3","PATIALA","616","4931","4278","260","4","389","2019-08-06T08:28:39.303"
"PUNJAB","3","RUPNAGAR","617","976","749","101","3","123","2019-08-06T08:28:39.303"
"PUNJAB","3","SANGRUR","68","3172","2382","387","5","398","2019-08-06T08:28:39.303"
"PUNJAB","3","SAS NAGAR","72","7123","6406","317","10","390","2019-08-06T08:28:39.303"
"PUNJAB","3","SBS NAGAR","614","2162","1311","508","4","339","2019-08-06T08:28:39.303"
"PUNJAB","3","TARN TARAN","618","1084","882","123","3","76","2019-08-06T08:28:39.303"
"RAJASTHAN","8","AJMER","136","7622","3956","796","61","2809","2019-08-06T08:28:47.047"
"RAJASTHAN","8","ALWAR","121","9433","4931","629","204","3669","2019-08-06T08:28:47.047"
"RAJASTHAN","8","BANSWARA","612","1906","907","88","407","504","2019-08-06T08:28:47.047"
"RAJASTHAN","8","BARAN","145","1018","388","132","63","435","2019-08-06T08:28:47.047"
"RAJASTHAN","8","BARMER","132","2888","1248","166","33","1441","2019-08-06T08:28:47.047"
"RAJASTHAN","8","BHARATPUR","122","3678","1590","717","63","1308","2019-08-06T08:28:47.047"
"RAJASTHAN","8","BHILWARA","139","11412","7519","649","123","3121","2019-08-06T08:28:47.047"
"RAJASTHAN","8","BIKANER","118","8844","5108","385","25","3326","2019-08-06T08:28:47.047"
"RAJASTHAN","8","BUNDI","138","1345","664","94","95","492","2019-08-06T08:28:47.047"
"RAJASTHAN","8","CHITTORGARH","143","3241","1906","273","35","1027","2019-08-06T08:28:47.047"
"RAJASTHAN","8","CHURU","119","3381","1255","231","23","1872","2019-08-06T08:28:47.047"
"RAJASTHAN","8","DAUSA","126","4344","1792","431","656","1465","2019-08-06T08:28:47.047"
"RAJASTHAN","8","DHOLPUR","123","933","525","121","16","271","2019-08-06T08:28:47.047"
"RAJASTHAN","8","DUNGARPUR","142","1855","1006","55","165","629","2019-08-06T08:28:47.047"
"RAJASTHAN","8","HANUMANGARH","117","9686","2147","2472","48","5019","2019-08-06T08:28:47.047"
"RAJASTHAN","8","JAIPUR","127","88537","54821","5349","3059","25308","2019-08-06T08:28:47.047"
"RAJASTHAN","8","JAISALMER","131","984","487","58","18","421","2019-08-06T08:28:47.047"
"RAJASTHAN","8","JALORE","133","1822","621","170","19","1012","2019-08-06T08:28:47.047"
"RAJASTHAN","8","JHALAWAR","146","1020","555","63","19","383","2019-08-06T08:28:47.047"
"RAJASTHAN","8","JHUNJHUNU","120","5053","1510","439","65","3039","2019-08-06T08:28:47.047"
"RAJASTHAN","8","JODHPUR","130","15229","7759","891","101","6478","2019-08-06T08:28:47.047"
"RAJASTHAN","8","KARAULI","124","1827","710","247","240","630","2019-08-06T08:28:47.047"
"RAJASTHAN","8","KOTA","144","13925","8693","1137","361","3734","2019-08-06T08:28:47.047"
"RAJASTHAN","8","NAGAUR","129","6748","2226","462","26","4034","2019-08-06T08:28:47.047"
"RAJASTHAN","8","PALI","135","3954","1582","398","29","1945","2019-08-06T08:28:47.047"
"RAJASTHAN","8","PRATAPGARH","625","623","317","45","56","205","2019-08-06T08:28:47.047"
"RAJASTHAN","8","RAJSAMAND","140","2245","1240","179","28","798","2019-08-06T08:28:47.047"
"RAJASTHAN","8","SAWAI MADHOPUR","125","3688","1637","430","504","1117","2019-08-06T08:28:47.047"
"RAJASTHAN","8","SIKAR","128","7493","2662","473","82","4276","2019-08-06T08:28:47.047"
"RAJASTHAN","8","SIROHI","134","2229","1069","195","39","926","2019-08-06T08:28:47.047"
"RAJASTHAN","8","SRI GANGANAGAR","116","10971","5350","2021","69","3531","2019-08-06T08:28:47.047"
"RAJASTHAN","8","TONK","137","4122","1545","502","240","1835","2019-08-06T08:28:47.047"
"RAJASTHAN","8","UDAIPUR","141","10949","7370","632","308","2639","2019-08-06T08:28:47.047"
"SIKKIM","11","EAST SIKKIM","254","287","142","14","65","66","2019-08-06T08:28:58.783"
"SIKKIM","11","NORTH SIKKIM","255","15","3","0","11","1","2019-08-06T08:28:58.783"
"SIKKIM","11","SOUTH  SIKKIM","256","57","22","1","10","24","2019-08-06T08:28:58.783"
"SIKKIM","11","WEST SIKKIM","257","91","30","5","30","26","2019-08-06T08:28:58.783"
"TAMIL NADU","33","ARIYALUR","584","1115","551","71","4","489","2019-08-06T08:29:04.367"
"TAMIL NADU","33","CHENNAI","569","117049","85904","6007","253","24885","2019-08-06T08:29:04.367"
"TAMIL NADU","33","COIMBATORE","695","46606","32146","1411","68","12981","2019-08-06T08:29:04.367"
"TAMIL NADU","33","CUDDALORE","585","4607","1881","536","10","2180","2019-08-06T08:29:04.367"
"TAMIL NADU","33","DHARMAPURI","572","3721","1890","291","25","1515","2019-08-06T08:29:04.367"
"TAMIL NADU","33","DINDIGUL","580","7300","4032","514","12","2742","2019-08-06T08:29:04.367"
"TAMIL NADU","33","ERODE","577","14824","8362","485","22","5955","2019-08-06T08:29:04.367"
"TAMIL NADU","33","KANCHIPURAM","570","41854","24775","3578","158","13343","2019-08-06T08:29:04.367"
"TAMIL NADU","33","KANYAKUMARI","597","9924","4944","226","7","4747","2019-08-06T08:29:04.367"
"TAMIL NADU","33","KARUR","581","3954","2424","226","7","1297","2019-08-06T08:29:04.367"
"TAMIL NADU","33","KRISHNAGIRI","579","8618","5541","298","12","2767","2019-08-06T08:29:04.367"
"TAMIL NADU","33","MADURAI","591","27148","15610","860","43","10635","2019-08-06T08:29:04.367"
"TAMIL NADU","33","NAGAPATTINAM","586","2790","1380","205","4","1201","2019-08-06T08:29:04.367"
"TAMIL NADU","33","NAMAKKAL","576","10046","5258","757","96","3935","2019-08-06T08:29:04.367"
"TAMIL NADU","33","NILGIRISH","578","1188","680","160","8","340","2019-08-06T08:29:04.367"
"TAMIL NADU","33","PERAMBALUR","583","979","512","147","4","316","2019-08-06T08:29:04.367"
"TAMIL NADU","33","PUDUKKOTTAI","592","3692","1959","249","7","1477","2019-08-06T08:29:04.367"
"TAMIL NADU","33","RAMANATHAPURAM","594","2685","1490","208","2","985","2019-08-06T08:29:04.367"
"TAMIL NADU","33","SALEM","575","17170","9786","1128","162","6094","2019-08-06T08:29:04.367"
"TAMIL NADU","33","SIVAGANGA","590","3282","1742","241","0","1299","2019-08-06T08:29:04.367"
"TAMIL NADU","33","THANJAVUR","588","6453","3403","319","10","2721","2019-08-06T08:29:04.367"
"TAMIL NADU","33","THENI","696","4053","1891","270","5","1887","2019-08-06T08:29:04.367"
"TAMIL NADU","33","THIRUVALLUR","568","29400","17482","2862","80","8976","2019-08-06T08:29:04.367"
"TAMIL NADU","33","THIRUVARUR","587","2641","1309","182","5","1145","2019-08-06T08:29:04.367"
"TAMIL NADU","33","THOOTHUKUDI","595","8339","3650","503","14","4172","2019-08-06T08:29:04.367"
"TAMIL NADU","33","TIRUCHIRAPALLI","582","11966","6633","844","24","4465","2019-08-06T08:29:04.367"
"TAMIL NADU","33","TIRUNELVELI","589","10714","4865","627","18","5204","2019-08-06T08:29:04.367"
"TAMIL NADU","33","TIRUPPUR","596","19753","14784","361","20","4588","2019-08-06T08:29:04.367"
"TAMIL NADU","33","TIRUVANNAMALAI","573","4092","1954","358","24","1756","2019-08-06T08:29:04.367"
"TAMIL NADU","33","VELLORE","571","8873","4995","877","44","2957","2019-08-06T08:29:04.367"
"TAMIL NADU","33","VILLUPURAM","574","4606","2015","519","15","2057","2019-08-06T08:29:04.367"
"TAMIL NADU","33","VIRUDHUNAGAR","593","8302","5146","472","13","2671","2019-08-06T08:29:04.367"
"TELANGANA","36","ADILABAD","490","2839","464","1292","667","416","2019-08-06T08:29:23.473"
"TELANGANA","36","BHADRADRI","700","1038","173","273","497","95","2019-08-06T08:29:23.473"
"TELANGANA","36","HYDERABAD","494","30434","20903","2512","955","6064","2019-08-06T08:29:23.473"
"TELANGANA","36","Jagitial","701","1535","504","307","58","666","2019-08-06T08:29:23.473"
"TELANGANA","36","JANGOAN","702","488","62","172","169","85","2019-08-06T08:29:23.473"
"TELANGANA","36","JAYASHANKAR","703","854","118","225","228","283","2019-08-06T08:29:23.473"
"TELANGANA","36","JOGULAMBA","704","860","443","191","17","209","2019-08-06T08:29:23.473"
"TELANGANA","36","KAMAREDDY","705","2265","667","572","353","673","2019-08-06T08:29:23.473"
"TELANGANA","36","KARIMNAGAR","492","13782","4698","3287","490","5307","2019-08-06T08:29:23.473"
"TELANGANA","36","KHAMMAM","499","4055","715","1487","1419","434","2019-08-06T08:29:23.473"
"TELANGANA","36","KOMARAM BHEEM ASIFABAD","706","221","36","80","72","33","2019-08-06T08:29:23.473"
"TELANGANA","36","MAHABUBABAD","707","800","87","105","497","111","2019-08-06T08:29:23.473"
"TELANGANA","36","MAHABUBNAGAR","496","4419","829","1389","1315","886","2019-08-06T08:29:23.473"
"TELANGANA","36","MANCHERIAL","708","1091","197","576","128","190","2019-08-06T08:29:23.473"
"TELANGANA","36","MEDAK","493","2809","651","1205","637","316","2019-08-06T08:29:23.473"
"TELANGANA","36","MEDCHAL MALKAJGIRI","709","10640","6081","1302","521","2736","2019-08-06T08:29:23.473"
"TELANGANA","36","NAGARKURNOOL","710","1051","87","449","422","93","2019-08-06T08:29:23.473"
"TELANGANA","36","NALGONDA","497","7319","808","3277","2361","873","2019-08-06T08:29:23.473"
"TELANGANA","36","Nirmal","711","1063","321","260","112","370","2019-08-06T08:29:23.473"
"TELANGANA","36","NIZAMABAD","491","14048","5125","1923","973","6027","2019-08-06T08:29:23.473"
"TELANGANA","36","PEDDAPALLI","712","1931","750","455","59","667","2019-08-06T08:29:23.473"
"TELANGANA","36","RAJANNA","713","1626","313","486","152","675","2019-08-06T08:29:23.473"
"TELANGANA","36","RANGA REDDI","495","21633","11427","3177","2767","4262","2019-08-06T08:29:23.473"
"TELANGANA","36","SANGAREDDY","714","1454","609","396","164","285","2019-08-06T08:29:23.473"
"TELANGANA","36","SIDDIPET","715","1636","402","618","152","464","2019-08-06T08:29:23.473"
"TELANGANA","36","SURYAPET","716","2642","301","764","1219","358","2019-08-06T08:29:23.473"
"TELANGANA","36","VIKARABAD","717","728","171","196","289","72","2019-08-06T08:29:23.473"
"TELANGANA","36","WANAPARTHY","718","659","70","269","213","107","2019-08-06T08:29:23.473"
"TELANGANA","36","WARANGAL","498","9205","1191","2858","1766","3390","2019-08-06T08:29:23.473"
"TELANGANA","36","WARANGAL RURAL","721","1638","324","416","432","466","2019-08-06T08:29:23.473"
"TELANGANA","36","WARANGAL URBAN","720","9374","2962","1601","403","4408","2019-08-06T08:29:23.473"
"TELANGANA","36","YADADRI","719","751","126","293","227","105","2019-08-06T08:29:23.473"
"TRIPURA","16","DHALAI","298","129","43","15","43","28","2019-08-06T08:29:32.400"
"TRIPURA","16","GOMATI","647","192","113","37","14","28","2019-08-06T08:29:32.400"
"TRIPURA","16","KHOWAI","648","200","44","17","69","70","2019-08-06T08:29:32.400"
"TRIPURA","16","NORTH TRIPURA","299","262","125","23","60","54","2019-08-06T08:29:32.400"
"TRIPURA","16","SEPAHIJALA","649","136","79","17","10","30","2019-08-06T08:29:32.400"
"TRIPURA","16","SOUTHTRIPURA","297","207","108","17","51","31","2019-08-06T08:29:32.400"
"TRIPURA","16","UNOKOTI","650","111","52","22","3","34","2019-08-06T08:29:32.400"
"TRIPURA","16","WEST TRIPURA","296","830","479","90","99","162","2019-08-06T08:29:32.400"
"UTTAR PRADESH","9","AGRA","161","26698","11522","4757","1259","9160","2019-08-06T08:29:38.050"
"UTTAR PRADESH","9","ALIGARH","158","5766","2011","962","123","2670","2019-08-06T08:29:38.050"
"UTTAR PRADESH","9","ALLAHABAD","191","23332","5359","5298","152","12523","2019-08-06T08:29:38.050"
"UTTAR PRADESH","9","AMBEDAKAR NAGAR","194","3333","668","857","12","1796","2019-08-06T08:29:38.050"
"UTTAR PRADESH","9","AMETHI(Chhatrapati Shahuji Maharaj)","632","809","447","58","1","303","2019-08-06T08:29:38.050"
"UTTAR PRADESH","9","AMROHA(JYOTIBA PHULE NAGAR)","152","813","337","75","5","396","2019-08-06T08:29:38.050"
"UTTAR PRADESH","9","AURAIYA","178","3359","856","757","31","1715","2019-08-06T08:29:38.050"
"UTTAR PRADESH","9","AZAMGARH","207","3356","798","836","18","1704","2019-08-06T08:29:38.050"
"UTTAR PRADESH","9","BADAUN","165","1299","687","117","3","492","2019-08-06T08:29:38.050"
"UTTAR PRADESH","9","BAGHPAT","154","746","435","52","3","256","2019-08-06T08:29:38.050"
"UTTAR PRADESH","9","BAHRAICH","196","10760","3103","1331","91","6235","2019-08-06T08:29:38.050"
"UTTAR PRADESH","9","BALLIA","209","1212","468","81","30","633","2019-08-06T08:29:38.050"
"UTTAR PRADESH","9","BALRAMPUR","198","2621","1030","171","27","1393","2019-08-06T08:29:38.050"
"UTTAR PRADESH","9","BANDA","186","770","398","117","2","253","2019-08-06T08:29:38.050"
"UTTAR PRADESH","9","BARABANKI","192","6930","1221","1781","57","3871","2019-08-06T08:29:38.050"
"UTTAR PRADESH","9","BAREILLY","166","6266","3824","290","25","2127","2019-08-06T08:29:38.050"
"UTTAR PRADESH","9","BASTI","201","2956","1177","355","13","1411","2019-08-06T08:29:38.050"
"UTTAR PRADESH","9","BIJNOR","149","1373","762","93","1","517","2019-08-06T08:29:38.050"
"UTTAR PRADESH","9","BULANDSHAHAR","157","4092","2141","648","41","1262","2019-08-06T08:29:38.050"
"UTTAR PRADESH","9","CHANDAULI","212","2726","757","546","19","1404","2019-08-06T08:29:38.050"
"UTTAR PRADESH","9","CHITRAKOOT","187","497","204","66","0","227","2019-08-06T08:29:38.050"
"UTTAR PRADESH","9","DEORIA","206","2564","903","229","97","1335","2019-08-06T08:29:38.050"
"UTTAR PRADESH","9","ETAH","163","954","238","162","4","550","2019-08-06T08:29:38.050"
"UTTAR PRADESH","9","ETAWAH","177","4586","755","1009","42","2780","2019-08-06T08:29:38.050"
"UTTAR PRADESH","9","FAIZABAD","193","1352","690","101","8","553","2019-08-06T08:29:38.050"
"UTTAR PRADESH","9","FARRUKHABAD","175","1539","798","94","6","641","2019-08-06T08:29:38.050"
"UTTAR PRADESH","9","FATEHPUR","188","1814","612","336","14","852","2019-08-06T08:29:38.050"
"UTTAR PRADESH","9","FIROZABAD","162","2859","1058","568","30","1203","2019-08-06T08:29:38.050"
"UTTAR PRADESH","9","GAUTAM BUDDHA NAGAR","156","12842","9572","663","171","2436","2019-08-06T08:29:38.050"
"UTTAR PRADESH","9","GHAZIABAD","155","11129","8537","693","26","1873","2019-08-06T08:29:38.050"
"UTTAR PRADESH","9","GHAZIPUR","211","12519","2300","3236","194","6789","2019-08-06T08:29:38.050"
"UTTAR PRADESH","9","GONDA","199","8578","3737","792","36","4013","2019-08-06T08:29:38.050"
"UTTAR PRADESH","9","GORAKHAPUR","204","5322","2065","587","90","2580","2019-08-06T08:29:38.050"
"UTTAR PRADESH","9","HAMIRPUR","184","1374","293","198","9","874","2019-08-06T08:29:38.050"
"UTTAR PRADESH","9","HAPUR","697","1204","669","162","3","370","2019-08-06T08:29:38.050"
"UTTAR PRADESH","9","HARDOI","171","962","531","132","1","298","2019-08-06T08:29:38.050"
"UTTAR PRADESH","9","HATHRAS","159","5472","1824","1145","82","2421","2019-08-06T08:29:38.050"
"UTTAR PRADESH","9","JALAUN","181","1071","415","261","8","387","2019-08-06T08:29:38.050"
"UTTAR PRADESH","9","JAUNPUR","210","27103","5389","7533","172","14009","2019-08-06T08:29:38.050"
"UTTAR PRADESH","9","JHANSI","182","4667","1376","1402","23","1866","2019-08-06T08:29:38.050"
"UTTAR PRADESH","9","KANNAUJ","176","2483","870","341","11","1261","2019-08-06T08:29:38.050"
"UTTAR PRADESH","9","KANPUR DEHAT","634","2725","985","610","31","1099","2019-08-06T08:29:38.050"
"UTTAR PRADESH","9","KANPUR NAGAR","179","10803","7435","741","32","2595","2019-08-06T08:29:38.050"
"UTTAR PRADESH","9","KASGANJ(Kanshi Ram Nagar)","637","537","218","135","8","176","2019-08-06T08:29:38.050"
"UTTAR PRADESH","9","KAUSHAMBI","190","515","274","49","2","190","2019-08-06T08:29:38.050"
"UTTAR PRADESH","9","KUSHINAGAR","205","1863","642","111","11","1099","2019-08-06T08:29:38.050"
"UTTAR PRADESH","9","LAKHIMPURKHERI","169","2980","1142","341","126","1371","2019-08-06T08:29:38.050"
"UTTAR PRADESH","9","LALITPUR","183","1770","401","384","24","961","2019-08-06T08:29:38.050"
"UTTAR PRADESH","9","LUCKNOW","173","18835","13571","1273","68","3923","2019-08-06T08:29:38.050"
"UTTAR PRADESH","9","MAHARAJGANJ","203","8474","1470","1227","218","5559","2019-08-06T08:29:38.050"
"UTTAR PRADESH","9","MAHOBA","185","278","90","42","1","145","2019-08-06T08:29:38.050"
"UTTAR PRADESH","9","MAINPURI","164","5320","1361","1083","48","2828","2019-08-06T08:29:38.050"
"UTTAR PRADESH","9","MATHURA","160","12526","6445","1676","185","4220","2019-08-06T08:29:38.050"
"UTTAR PRADESH","9","MAU","208","2667","448","292","25","1902","2019-08-06T08:29:38.050"
"UTTAR PRADESH","9","MEERUT","153","9642","5670","943","30","2999","2019-08-06T08:29:38.050"
"UTTAR PRADESH","9","MIRZAPUR","215","12436","1455","3687","466","6828","2019-08-06T08:29:38.050"
"UTTAR PRADESH","9","MORADABAD","150","6211","2892","410","13","2896","2019-08-06T08:29:38.050"
"UTTAR PRADESH","9","MUZAFFARNAGAR","148","1937","1004","116","10","807","2019-08-06T08:29:38.050"
"UTTAR PRADESH","9","PILIBHIT","167","618","311","45","0","262","2019-08-06T08:29:38.050"
"UTTAR PRADESH","9","PRATAPGARH","189","6059","2220","934","39","2866","2019-08-06T08:29:38.050"
"UTTAR PRADESH","9","RAI BARELY","174","1624","827","222","7","568","2019-08-06T08:29:38.050"
"UTTAR PRADESH","9","RAMPUR","151","1458","911","103","1","443","2019-08-06T08:29:38.050"
"UTTAR PRADESH","9","SAHARANPUR","147","3631","1909","347","12","1363","2019-08-06T08:29:38.050"
"UTTAR PRADESH","9","SAMBHAL(Bheem Nagar)","633","621","306","65","3","247","2019-08-06T08:29:38.050"
"UTTAR PRADESH","9","SANT KABIR NAGAR","202","3325","934","702","9","1680","2019-08-06T08:29:38.050"
"UTTAR PRADESH","9","SANT RAVIDAS NAGAR","214","8324","1284","1986","42","5012","2019-08-06T08:29:38.050"
"UTTAR PRADESH","9","SHAHJAHANPUR","168","1067","533","82","3","449","2019-08-06T08:29:38.050"
"UTTAR PRADESH","9","SHAMLI","180","1677","232","69","3","1373","2019-08-06T08:29:38.050"
"UTTAR PRADESH","9","SHRAVASTI","197","496","188","40","5","263","2019-08-06T08:29:38.050"
"UTTAR PRADESH","9","SIDDHARTHNAGAR","200","5861","2227","830","31","2773","2019-08-06T08:29:38.050"
"UTTAR PRADESH","9","SITAPUR","170","4411","1098","1282","62","1969","2019-08-06T08:29:38.050"
"UTTAR PRADESH","9","SONBHADRA","216","11031","1127","2546","3172","4186","2019-08-06T08:29:38.050"
"UTTAR PRADESH","9","SULTANPUR","195","2684","1028","554","73","1029","2019-08-06T08:29:38.050"
"UTTAR PRADESH","9","UNNAO","172","1997","1048","229","9","711","2019-08-06T08:29:38.050"
"UTTAR PRADESH","9","VARANASI","213","10616","4493","1040","117","4966","2019-08-06T08:29:38.050"
"UTTARAKHAND","5","ALMORA","83","510","431","48","6","25","2019-08-06T08:29:56.050"
"UTTARAKHAND","5","BAGESHWAR","82","271","204","50","1","16","2019-08-06T08:29:56.050"
"UTTARAKHAND","5","CHAMOLI","76","358","269","53","22","14","2019-08-06T08:29:56.050"
"UTTARAKHAND","5","CHAMPAWAT","84","320","249","24","1","46","2019-08-06T08:29:56.050"
"UTTARAKHAND","5","DEHRADUN","79","4293","3634","214","59","386","2019-08-06T08:29:56.050"
"UTTARAKHAND","5","HARIDWAR","87","2040","1318","144","4","574","2019-08-06T08:29:56.050"
"UTTARAKHAND","5","NAINITAL","85","1412","1023","128","16","245","2019-08-06T08:29:56.050"
"UTTARAKHAND","5","PAURI GARHWAL","80","1327","1231","53","4","39","2019-08-06T08:29:56.050"
"UTTARAKHAND","5","PITHORAGARH","81","350","251","65","17","17","2019-08-06T08:29:56.050"
"UTTARAKHAND","5","RUDRAPRAYAG","77","265","216","41","0","8","2019-08-06T08:29:56.050"
"UTTARAKHAND","5","TEHRI GARHWAL","78","551","444","41","2","64","2019-08-06T08:29:56.050"
"UTTARAKHAND","5","UDHAM SINGH NAGAR","86","2889","1925","189","77","698","2019-08-06T08:29:56.050"
"UTTARAKHAND","5","UTTARKASHI","75","503","171","84","7","241","2019-08-06T08:29:56.050"
"WEST BENGAL","19","ALIPURDUAR","638","2049","727","600","554","168","2019-08-06T08:30:02.360"
"WEST BENGAL","19","BANKURA","342","2121","1558","256","116","191","2019-08-06T08:30:02.360"
"WEST BENGAL","19","BARDHAMAN","338","22152","14642","4663","617","2230","2019-08-06T08:30:02.360"
"WEST BENGAL","19","BIRBHUM","337","10341","6986","2432","149","774","2019-08-06T08:30:02.360"
"WEST BENGAL","19","COOCHBEHAR","332","2397","921","910","14","552","2019-08-06T08:30:02.360"
"WEST BENGAL","19","DAKSHIN DINAJPUR","334","2113","1621","292","50","150","2019-08-06T08:30:02.360"
"WEST BENGAL","19","DARJEELING","330","1454","1014","128","133","179","2019-08-06T08:30:02.360"
"WEST BENGAL","19","EAST MEDINIPUR","344","1878","1704","85","5","84","2019-08-06T08:30:02.360"
"WEST BENGAL","19","HOOGHLY","341","2177","1846","159","13","159","2019-08-06T08:30:02.360"
"WEST BENGAL","19","HOWRAH","345","2655","2456","77","6","116","2019-08-06T08:30:02.360"
"WEST BENGAL","19","JALPAIGURI","331","1068","629","177","166","96","2019-08-06T08:30:02.360"
"WEST BENGAL","19","Jhargram","732","41","29","1","3","8","2019-08-06T08:30:02.360"
"WEST BENGAL","19","KALIMPONG","733","63","33","10","12","8","2019-08-06T08:30:02.360"
"WEST BENGAL","19","KOLKOTA","346","10702","10120","294","21","267","2019-08-06T08:30:02.360"
"WEST BENGAL","19","MALDA","335","1655","1317","134","13","191","2019-08-06T08:30:02.360"
"WEST BENGAL","19","MURSHIDABAD","336","3732","2945","246","10","531","2019-08-06T08:30:02.360"
"WEST BENGAL","19","N. 24- PRAGANAS","340","8530","6738","1126","50","616","2019-08-06T08:30:02.360"
"WEST BENGAL","19","NADIA","339","2042","1407","434","10","191","2019-08-06T08:30:02.360"
"WEST BENGAL","19","PASCHIM BARDHAMAN","734","603","532","35","3","33","2019-08-06T08:30:02.360"
"WEST BENGAL","19","PURULIA","343","688","450","42","41","155","2019-08-06T08:30:02.360"
"WEST BENGAL","19","SOUTH 24-PRAGANAS","347","5251","3947","879","31","394","2019-08-06T08:30:02.360"
"WEST BENGAL","19","UTTAR DINAJPUR","639","763","525","111","5","122","2019-08-06T08:30:02.360"
"WEST BENGAL","19","WEST MEDINIPUR","333","2403","2026","156","52","169","2019-08-06T08:30:02.360"
"ANDAMAN AND NICOBAR ISLANDS","35","NIKOBARS","603","67","62","0","2","3","2019-08-06T08:30:10.930"
"ANDAMAN AND NICOBAR ISLANDS","35","NORTH AND MIDDLE ANDAMAN","698","340","205","3","0","132","2019-08-06T08:30:10.930"
"ANDAMAN AND NICOBAR ISLANDS","35","SOUTH ANDAMANS","602","3020","2430","21","13","556","2019-08-06T08:30:10.930"
"CHANDIGARH","4","CHANDIGARH","74","5134","4659","237","18","220","2019-08-06T08:30:16.597"
"DADAR AND NAGAR HAVELI","26","DADRA AND NAGAR HAVELLI","454","1751","1473","30","100","148","2019-08-06T08:30:22.453"
"DAMAN AND DIU","25","DAMAN","453","548","443","28","13","64","2019-08-06T08:30:28.230"
"DAMAN AND DIU","25","DIU","452","32","15","4","0","13","2019-08-06T08:30:28.230"
"DELHI ","7","CENTRAL","112","3507","3113","198","11","185","2019-08-06T08:30:33.797"
"DELHI ","7","EAST","110","8350","7217","421","17","695","2019-08-06T08:30:33.797"
"DELHI ","7","NEW DELHI","111","7049","5600","457","38","954","2019-08-06T08:30:33.797"
"DELHI ","7","NORTH","108","3368","2893","191","12","272","2019-08-06T08:30:33.797"
"DELHI ","7","NORTH EAST","109","2752","2124","175","4","449","2019-08-06T08:30:33.797"
"DELHI ","7","NORTH WEST","107","7469","6113","596","21","739","2019-08-06T08:30:33.797"
"DELHI ","7","SHAHDARA","626","646","543","49","2","52","2019-08-06T08:30:33.797"
"DELHI ","7","SOUTH ","115","11360","9862","519","66","913","2019-08-06T08:30:33.797"
"DELHI ","7","SOUTH EAST","627","1489","1221","80","9","179","2019-08-06T08:30:33.797"
"DELHI ","7","SOUTH WEST","114","7356","6216","383","52","705","2019-08-06T08:30:33.797"
"DELHI ","7","WEST","113","8124","7144","403","25","552","2019-08-06T08:30:33.797"
"LAKSHADWEEP","31","LAKSHADWEEP DISTRICT","553","34","2","0","32","0","2019-08-06T08:30:40.997"
"PUDUCHERRY","34","KARAIKAL","601","392","145","34","1","212","2019-08-06T08:30:46.547"
"PUDUCHERRY","34","MEHE","600","20","5","0","0","15","2019-08-06T08:30:46.547"
"PUDUCHERRY","34","PONDICHERRY","599","3727","1941","222","10","1554","2019-08-06T08:30:46.547"
"PUDUCHERRY","34","YANAM","598","12","7","3","0","2","2019-08-06T08:30:46.547"
